{
  "auc": 0.8349376976875411,
  "f1_pos": 0.6082036775106082,
  "recall_pos": 0.5748663101604278,
  "precision_pos": 0.6456456456456456,
  "accuracy": 0.8031272210376688,
  "support_pos": 374,
  "auc_cv_mean": 0.8457238413760153,
  "auc_cv_std": 0.005311059401578377,
  "auc_cv_folds": [
    0.8463320025589739,
    0.8424530517382397,
    0.8377177354701306,
    0.8489415889931734,
    0.853174828119559
  ]
}