{
  "auc": 0.8088403538833469,
  "f1_pos": 0.5469613259668509,
  "recall_pos": 0.5294117647058824,
  "precision_pos": 0.5657142857142857,
  "accuracy": 0.7668798862828714,
  "support_pos": 374,
  "auc_cv_mean": 0.8268728692089045,
  "auc_cv_std": 0.004228918152243251,
  "auc_cv_folds": [
    0.8237466291998348,
    0.8210560625814863,
    0.8326483759424068,
    0.830384979795444,
    0.8265282985253508
  ],
  "params": {
    "n_estimators": 100
  }
}